7005,101,0,6111,1300,49900,12486,22079,3356,49,3761,33414,26320,100,9,77,777,53598,17455,4815,4214,2961,9438,411,20875,60595,30148,3078,3518,7707,40,4935,4820,1249,98010,2622,228088,10651,602,0,17740,1051,2475,46944,1481,8198,2380,818,6141,14730,2720,829,11,14125,13813,551,3635,186
7323,95,0,6469,1313,51167,12840,22505,3324,49,3891,34099,27154,100,9,72,782,55946,18180,5312,4457,2879,9844,408,21632,62417,23527,3441,3737,7980,35,5244,4952,1365,100333,2809,231239,11157,619,0,18313,1059,2526,47799,1662,8462,2600,808,6734,15163,2751,835,11,14809,14173,565,3628,185
7598,97,0,6681,1362,52687,13186,22505,3391,49,4099,34699,27481,100,14,62,730,58881,18801,5666,4726,3125,10025,422,22515,64083,24089,3230,3834,8237,35,5583,5032,1325,103231,2887,232757,11336,649,0,18875,1099,1711,48505,1711,8592,2729,811,7153,15576,2887,844,11,15515,14351,536,3902,188
7814,98,0,6930,1395,53606,13417,23071,3390,49,4246,35498,28205,100,15,60,775,61118,19356,6029,4936,3092,7293,428,23396,64997,24192,2595,3146,8560,37,5959,5180,1485,104717,3043,235004,11529,660,0,19417,1124,1790,49978,1746,8710,2852,817,7271,15792,2925,850,11,16262,14621,565,3923,198
8122,85,0,7239,1401,56075,13721,23642,3337,49,4391,35968,28699,100,16,60,704,63055,19822,6332,5191,3655,7565,424,23917,66059,24609,2782,3444,8712,30,6295,5190,1525,106707,3134,237118,12038,682,0,19834,1050,1866,50685,1825,8939,2923,802,7108,16196,3006,855,11,16927,14732,568,4082,192
8348,78,0,7588,1415,58152,14112,23931,3577,49,4376,36463,29416,100,21,58,713,65258,20493,6382,5511,3593,7916,426,24823,67605,25264,3089,3629,8895,23,6611,5249,1544,107699,3158,243758,12561,710,1,20351,1040,1676,51455,1869,9170,2815,774,7135,16352,3028,150,8,16927,15035,476,4191,215
8677,73,0,7773,1493,59613,14557,23574,3627,49,4544,37228,30263,100,21,54,712,67760,21089,6562,5844,3710,8128,481,25842,69169,25741,3549,3869,9132,23,7243,5353,1619,109542,3248,245778,13027,739,1,20860,1085,1743,52367,1929,9446,3010,847,7075,16611,3023,145,8,17976,15340,520,4321,212
9002,62,0,8262,1500,61166,14998,24124,3610,49,4770,37530,30781,100,24,47,691,70519,21699,6529,6167,3813,8312,475,26884,70631,26328,3857,4260,9250,22,7728,5421,1661,111238,3367,247786,13476,678,1,21710,1094,1819,53656,2049,9650,3231,1045,7188,17024,3089,129,7,18533,15483,510,4512,209
9278,50,0,7744,691,63871,15434,24639,3606,49,4912,38286,31185,100,22,48,696,72736,22242,6408,6305,3870,8834,487,27761,71903,19599,3910,4536,9417,20,8003,5653,1670,112639,3398,249330,13927,667,2,22366,1066,1908,54781,2065,9799,3081,1234,7157,17187,3136,124,7,19245,15753,510,4666,208
9496,45,0,7808,953,64884,15709,25174,3519,49,5069,38875,32174,100,22,64,690,74335,22618,6540,6406,3828,8998,511,28650,72814,19941,3811,4650,9565,20,8081,5628,1710,113856,3395,250748,14374,664,2,22740,1113,1976,56133,2087,10043,3202,1336,7214,17142,3151,97,6,20041,15960,531,4805,212
9761,41,0,7989,800,66550,15816,25344,3721,49,5180,39247,32558,100,22,56,717,75548,23087,6853,6603,4058,6899,525,29392,73354,20282,3672,2971,9643,20,8309,5657,1798,115224,3576,251704,5584,636,5,23420,1098,2031,56627,2143,10179,3326,1393,7255,17725,3113,88,4,20947,16177,537,4833,219
10029,39,0,8265,849,68099,16033,25879,3702,49,5263,40144,33426,100,23,57,716,79420,23549,7005,6680,4197,7095,499,29911,74191,20661,11880,3183,9740,20,8432,5807,1866,115744,3693,252522,5907,656,5,23814,1031,2103,57396,2185,10307,755,1315,7509,18573,3092,87,2,21508,16368,517,4822,191
10250,35,0,8642,919,69841,16242,26317,3763,49,5300,40575,33910,100,23,58,688,80902,23854,7029,6908,3986,7673,506,30547,75182,20991,4130,3357,9853,16,8809,5947,1915,116204,3699,253991,6612,638,5,24238,1021,1876,58007,2214,10487,851,1326,7473,18329,3139,87,2,22264,16538,527,4808,204
10628,34,0,8976,991,71819,16535,25981,3883,49,5412,41335,34432,100,23,57,722,84009,24407,7126,7094,4248,8464,538,31468,76700,22109,4290,3735,10028,15,9157,5927,1995,117116,3746,255652,7212,665,5,24823,1019,1936,58817,2310,10645,2904,1312,7531,18758,3108,87,2,23179,16790,497,4847,214
10890,35,0,9373,975,73557,16865,26536,3892,49,5528,42221,35184,100,25,57,706,86310,24965,7152,7250,4400,8781,541,32390,77829,22568,4728,4040,10185,19,9497,6118,2055,118194,3833,257633,7712,648,5,25373,1001,1998,59714,2420,10821,2951,1269,7390,18987,3117,84,2,23889,16960,513,4990,222
11189,34,0,9630,1008,75517,17129,27100,3894,49,5669,42847,35614,100,23,57,758,88328,25539,7055,7301,4615,9030,566,33205,79228,17423,4689,4345,10365,21,10097,6194,2131,111889,3917,259387,8339,695,7,25864,1004,2069,60705,2467,10998,3205,1242,7439,19533,3094,77,2,24771,17289,517,5192,238
11283,34,0,9815,1071,76926,17377,27747,3902,49,5717,43615,35969,100,23,51,734,90014,26027,7146,7315,4586,9333,589,33996,80213,18017,4762,4507,10508,21,10054,6327,2166,112842,3934,260508,8872,679,7,26298,1039,2080,61205,2523,11203,3355,1219,7409,19483,3083,76,2,25385,17432,506,5548,248
11597,33,0,9951,1068,78178,17632,28402,4027,49,5850,44445,36634,100,23,50,769,92251,26490,7276,7640,4821,5897,589,34922,81190,18766,4868,3224,10631,20,10502,6348,2212,114305,4071,261351,6877,668,7,26797,1102,2143,62154,2586,11277,3475,1199,7824,19456,3121,71,2,26018,17609,515,5442,258
11872,42,0,10178,1082,80349,17794,28694,3973,49,5994,44892,37180,100,23,50,732,93651,26881,6799,7689,4877,6208,580,36597,81987,19099,4732,3469,10762,18,10731,6404,2280,115112,4120,262401,6909,680,6,27232,1061,2180,62683,2681,11396,3206,1125,7138,19805,3247,70,2,26832,17780,512,5047,262
12530,39,0,10386,1044,82500,18020,29224,3919,49,6085,45375,38104,100,24,48,761,95893,27410,6865,7832,4965,6459,646,37207,82904,19715,4657,3716,10888,22,10984,6675,2403,116082,4152,263848,7899,744,6,27655,967,2251,63356,2741,11788,3317,1108,6324,19906,3197,66,2,27310,17934,548,5204,248
12759,35,0,10712,1433,84448,18349,29361,3939,49,6315,46531,38888,100,35,52,741,98081,28023,7088,7948,4981,7626,659,38273,83936,20147,4894,3961,11021,23,11289,6678,2348,116504,4193,264889,8147,838,7,28330,1015,2266,64383,2787,11968,3514,984,6457,21252,3186,69,2,28259,18073,540,5386,255
5178,37,0,10900,1470,86586,18583,28876,3911,49,6406,47261,39674,100,35,46,796,100729,28468,6989,8219,5027,8008,681,38974,84661,20521,5458,4349,11159,22,11515,6800,2043,117103,4282,266009,9698,860,7,28922,1009,2341,27434,2904,12073,3476,1039,6513,20846,3216,64,2,28851,18215,650,5538,240
5617,39,0,11219,1631,88801,19025,29220,3753,49,6464,47894,40420,100,26,41,781,103006,28937,7198,8256,5111,8008,704,39969,85358,15974,5499,4708,11284,22,11816,6780,1684,117296,4174,267603,10449,862,7,29452,1004,2365,26378,2973,12249,3727,1078,6711,21021,3265,63,2,29543,18215,523,5682,250
5976,39,0,11444,1658,90266,19202,29648,3885,49,6603,48630,41075,100,23,37,792,105448,29400,7477,8314,5078,8229,714,40717,86303,16283,5580,4954,11463,22,11987,7142,1743,117976,4269,268294,10944,869,7,29942,1038,2403,25800,3062,12338,3918,1142,6938,20948,3214,63,2,29971,18767,566,5768,270
6469,37,0,11564,1663,92631,19257,30004,3940,49,6705,49494,41552,100,23,35,792,107132,29731,7724,8425,5078,6418,706,41521,86855,16472,5609,3422,11787,22,12215,7203,1783,118692,4242,269255,8313,852,7,30490,1063,2425,25868,3131,12338,3675,1121,7124,19584,3205,65,2,31374,18995,567,5863,256
7119,38,0,11757,1729,95568,19498,30407,3929,49,6814,49996,42087,100,23,34,792,108272,30074,7435,8496,5455,6652,712,42020,87220,16670,5529,3678,11886,21,12472,7289,1583,119186,4283,270091,8700,667,7,31004,997,2024,25747,3195,12418,3868,1075,7208,19309,3173,65,2,32879,19103,522,5941,230
7498,37,0,12123,1733,97155,19621,30358,3843,49,6879,50315,42705,100,22,34,518,109223,30407,7857,8544,5553,7074,699,42630,87673,17106,5208,3973,12127,20,12831,7347,1513,119737,4359,270849,9118,621,7,31395,772,2095,25254,3268,12523,4055,1037,7016,19335,3102,68,2,33601,19311,634,6077,239
6584,48,0,12565,1830,99820,19903,30606,3816,49,6957,50921,43293,100,23,30,503,110647,31000,7721,8623,5652,7361,703,43813,88255,17474,5315,4278,12273,23,13086,7436,1466,119972,4391,272250,9970,631,7,31817,712,1954,24021,3355,12631,4216,1041,6691,19879,3192,64,2,34591,19658,650,6040,237
7066,52,0,13035,2062,102545,20324,30767,3777,49,6989,52084,43894,100,23,28,493,112185,31448,7680,8900,5865,7335,683,44951,88794,18047,5595,4682,12354,28,13484,7542,1524,121229,4465,273349,11012,579,7,32435,669,1999,23150,3515,12736,4189,1063,6737,19214,3344,61,2,35527,19960,636,6259,242
7386,55,0,13697,1714,105751,20782,30983,3856,49,7155,52977,44327,100,23,29,496,113587,32086,7694,8928,6042,8091,688,45857,89533,13406,5290,5105,12524,40,13735,7672,1452,121673,4545,274341,11911,551,5,32884,649,1895,23027,3585,12883,4448,1093,7009,20955,3426,57,2,36496,20231,624,6304,224
7967,81,0,14268,1845,107779,21000,31130,3866,49,7219,53712,45010,100,23,29,509,114870,10736,7870,8938,6041,8425,684,46482,90119,13807,5105,5388,12662,42,13931,7783,1466,122187,4498,275052,12894,557,5,33358,592,1938,22384,3640,12958,4908,1094,6902,20554,3547,53,2,37364,20584,632,6165,229
8629,88,0,14342,1909,110516,21186,31259,3884,49,7263,54370,45808,100,25,27,509,115822,10463,7704,9156,6375,5812,674,46993,93770,13917,4707,3810,12948,41,14175,7826,1492,122492,4585,275684,9784,486,4,33777,728,1984,22651,3737,12990,5189,1069,6638,20572,3635,48,2,38107,20854,639,6110,226
8758,105,0,15354,2281,112910,21346,31496,3870,49,7279,54917,46105,100,22,28,584,117323,10417,7716,9188,6468,6183,637,47723,94078,14079,4045,4071,13229,44,14446,7977,1539,122959,4769,276810,10202,454,5,34091,754,2014,22720,3797,13078,4938,1015,8045,21077,3770,54,2,38821,21028,637,6138,228
6803,121,0,16297,2208,114974,21569,31591,3844,49,7405,56198,46771,100,21,27,568,118209,10323,7662,9274,6677,6535,624,48371,94440,14366,3604,4337,13398,44,7972,8019,1459,123180,4805,277564,11417,444,-8,34492,753,2041,22123,3883,13166,4938,1016,8126,21275,3879,56,2,39312,21349,618,6612,184
7024,126,0,16715,2557,117724,21820,31948,3798,49,7507,57576,47710,100,12,26,596,119023,10158,7890,9348,6944,6951,612,49205,94862,14547,3657,4563,13643,55,7947,8187,1446,123329,4957,278203,12209,431,-6,34942,782,2116,21484,4368,13243,4938,1020,8146,21980,4068,90,3,40127,21591,624,6286,190
7316,133,0,18126,2580,121209,22043,32138,3754,49,7582,58828,48447,100,12,36,666,120120,10003,7976,9462,7195,7349,587,49909,95322,19824,3957,4763,13767,53,7621,8351,1488,123854,5170,278980,13420,432,-6,35401,881,2195,20848,4479,13333,5567,1034,8331,22871,4344,90,3,40686,21844,590,6279,161
7959,143,0,19009,2681,123986,22252,32479,3759,49,7648,60070,49181,100,12,42,648,121026,9976,8164,9516,7473,7833,581,50567,95843,16294,4067,5025,14136,50,7428,8532,1417,124146,5202,279775,14830,476,-7,35739,845,2172,21014,4773,13333,5567,1029,8636,23742,4738,103,3,41554,22289,606,6156,165
8413,151,0,20421,2848,125983,22386,32613,3752,49,7700,61238,49718,100,12,42,595,121853,9956,8302,9561,7473,8152,607,50984,96120,16709,3697,5250,14208,52,7222,8709,1438,124164,5258,280179,15733,482,-11,36097,821,2262,20295,4843,13333,6393,1038,8853,23809,4837,118,3,42671,22572,609,6141,173
8812,168,0,20986,3161,129159,22535,32724,3783,49,7755,62192,50289,100,11,42,645,122491,9699,8362,9683,7645,6202,598,51388,96273,16987,3359,3575,14335,55,7143,8852,1401,124342,5355,280695,11823,472,7,36431,843,2521,20716,4904,13453,6896,1003,9021,24857,4943,125,3,43217,22880,609,6150,170
9298,172,0,21456,3044,131896,22668,32798,3722,49,7836,63235,50964,100,12,47,627,123194,9489,8200,9747,7865,6751,514,51814,96481,17009,3074,3920,14507,51,7092,9042,1401,124457,5321,281216,12506,379,9,36739,936,2506,21186,5043,13485,6732,972,9127,25201,5041,128,2,43565,23178,608,6064,164
7737,189,0,22900,3087,134861,22782,32943,3704,49,7895,64570,51651,100,11,47,621,123742,9191,8367,9853,8024,7158,514,52311,96702,17186,2927,4259,14661,56,7047,9212,1376,124762,5141,281595,13730,386,9,37116,961,2559,20694,5186,13538,7256,962,8977,26423,5149,137,2,43837,23178,624,5923,158
8582,201,0,24152,3294,138443,22900,32704,3691,49,7944,66221,52598,100,10,53,547,124418,9047,8377,9923,8073,7581,505,52957,97175,17423,3166,4259,14837,58,7157,9454,1316,124997,5141,282101,14825,391,9,37512,1005,2716,20070,5208,13620,7925,928,8907,26632,5376,150,2,44232,23585,615,5896,177
9433,209,0,25903,3764,141681,23056,32919,3697,49,8005,68094,53365,100,10,66,582,124938,8939,8479,10063,8290,8095,516,53239,97521,17641,3462,4854,15116,66,7078,9639,1271,125166,5123,282557,16643,369,9,37914,1098,2834,19380,5390,13679,7895,913,9227,27713,5503,157,2,44675,23967,608,5774,195
10320,236,0,27262,4311,144942,23221,33197,3694,49,8055,70627,54357,100,10,79,490,125582,8889,8741,10108,8537,9375,505,53843,97819,14859,3238,5103,15347,60,6815,9908,1138,125378,5207,283251,18065,354,9,38295,1219,2808,18672,5544,13679,8674,930,9346,28409,5728,162,2,45197,24325,618,5596,199
11334,237,0,28182,4212,147201,23339,33276,3670,49,8102,72637,55230,100,10,83,475,126235,8965,8891,10189,8537,9701,520,54221,97979,15074,3052,5269,15377,72,6636,10111,1093,125508,5216,283738,19479,348,9,38589,1294,2808,18678,5664,13679,9513,924,9973,28198,5922,163,2,45782,24617,631,5508,208
11990,234,0,29179,4383,150612,23483,33420,3745,49,8129,74388,55920,100,11,90,475,126690,9253,8799,10397,8726,7137,520,54518,98043,15103,2749,3581,15724,80,6510,10214,984,125576,5291,284237,14755,344,9,39001,1430,3244,18797,5743,13768,10094,892,10460,29121,6085,161,2,46104,24938,649,5401,227
12619,234,0,31359,4651,153761,23614,33528,3723,49,8143,77116,56549,100,12,89,497,127241,9246,8489,10489,8711,7647,485,54848,98221,15271,2532,3914,15966,60,6456,10576,997,125762,5326,284728,15519,330,9,39411,1517,3485,18090,5804,13820,9649,820,10548,30839,6322,162,2,46420,25300,617,5373,219
10548,245,0,32973,4413,157527,23794,33599,3713,49,8169,79701,57455,100,13,90,623,127700,8867,8496,10701,9033,8555,459,55377,98418,15497,2535,4380,16160,72,6468,10741,1039,125902,5396,285118,16534,336,9,39811,1642,3578,18107,5856,13848,10205,829,10334,33242,6643,160,3,46763,25558,634,5130,234
11422,246,0,35299,4344,161731,23995,33372,3718,49,8221,82865,58307,100,17,106,641,128241,8772,8577,10806,9171,8555,476,55573,98653,15773,2733,4380,16426,90,6414,11053,1015,126137,5346,285543,17760,309,9,40489,2091,3677,17343,5964,13882,11178,810,10313,35318,6901,162,3,47159,25947,665,5102,256
12206,251,0,38571,4705,165436,24249,33477,3783,49,8260,86644,59373,100,22,132,694,128890,8470,8777,11053,9416,8414,488,55833,98851,16066,2929,4380,16709,100,6278,11393,1009,126385,5357,286164,19364,310,9,41064,2128,3851,16614,6048,13928,11179,801,10971,37907,7157,170,3,47628,26346,715,5369,264
12737,265,0,41585,4836,169719,24390,33622,3852,49,8287,90653,61167,100,44,130,732,129479,8415,8852,11126,9576,9264,456,56159,99109,12168,2858,4380,17091,130,6151,11838,970,126592,5452,286683,20956,293,9,41564,2256,3851,16597,6316,13928,12322,809,11084,40302,7523,171,3,48229,26960,743,4844,263
13208,265,0,43855,5254,173031,24568,33653,3881,49,8315,94130,62058,100,44,153,612,130115,8581,9209,11164,9694,9656,464,56467,99204,12331,2845,4380,17494,149,6003,12101,961,126753,5412,287305,22359,301,9,42108,2616,3851,16580,6376,13928,13218,827,11509,42254,7645,181,6,48737,27410,768,4765,268
13639,255,0,45667,5063,179199,24710,33677,3926,49,8341,97044,63280,100,44,148,862,130553,8341,9220,11448,9779,7330,460,56753,99337,12570,2746,4109,17622,165,5938,12386,944,126919,5541,287602,15765,284,9,42833,2717,4303,16045,6415,14002,14217,808,11455,46393,7885,181,6,49182,27594,782,4780,279
14259,246,0,49236,5221,185851,24870,33780,3789,49,8375,100265,65115,100,46,133,760,131118,8150,9201,11555,10013,8669,451,57118,99550,12798,2645,4667,18029,156,5863,12381,938,127192,5620,288143,16422,234,9,43392,2772,4478,16242,6536,14065,13582,773,11693,49982,8080,181,6,49624,28102,711,4729,281
12307,270,0,50787,5567,190200,25102,33784,3786,49,8405,105733,66683,100,47,145,829,131770,8410,9053,11923,10119,9533,424,57419,99674,13151,2624,5171,18138,174,5865,12373,935,127189,5636,288699,18281,240,9,44004,2994,4645,16665,6671,14121,14897,781,11986,52964,8287,198,6,50088,28576,684,4885,296
13444,288,0,53647,5695,195306,25402,33643,3827,49,8434,110691,68350,100,52,148,1165,132624,8033,9660,12098,10352,10459,455,57774,99875,13566,2828,6258,18650,210,5987,13682,923,125584,5723,289104,19215,251,9,44879,3066,4722,16244,6726,14132,16012,800,12187,57745,8568,197,10,50453,29067,744,4904,310
14410,300,0,56734,6364,200976,25695,33699,3849,49,8453,119594,70225,100,63,153,1063,133444,8149,9700,12418,10576,11787,457,58070,100058,13905,3162,6802,19219,218,5944,14058,925,125815,5872,289868,20889,253,9,45850,3153,4967,16473,6771,14134,16185,795,13114,61537,8787,201,8,51002,29551,731,4807,315
15298,316,0,59885,6267,204685,25902,33842,3919,49,8474,129155,72209,100,63,149,1404,134204,8234,9902,12570,10883,11787,484,58358,100403,12427,3180,7254,19568,226,5810,15155,969,125958,5979,290545,22538,261,9,46651,3107,5243,17035,6914,14134,17772,818,13429,65258,8803,198,4,51555,30094,647,4903,318
15656,345,0,63400,6284,209364,26172,33934,4054,49,8499,137656,74432,100,63,167,1333,134835,8376,10194,12799,10944,13245,510,58633,100608,12690,3280,7611,19685,237,5579,15976,979,126115,6066,291132,23975,277,9,47502,3165,5490,16571,7036,14134,19148,838,13429,67776,9002,200,4,51999,30442,677,5013,340
17380,362,0,63768,5926,217663,26354,33989,4204,49,8541,142894,76633,100,69,163,1763,135559,8256,10283,13142,10848,11657,491,59100,100674,12963,3166,6120,19821,288,5451,16701,958,126117,6225,291565,16841,297,9,48228,3203,5581,16783,7097,14191,20468,807,14743,72955,9291,203,4,52426,30933,581,5064,360
18229,397,0,68172,5976,225150,26529,34139,4298,49,8506,148929,78486,100,73,177,1952,136262,8308,5146,13303,11069,12649,502,59387,100829,13436,3226,6786,19996,303,5356,17260,976,126419,6354,290935,18409,302,9,48926,3285,5727,16938,7312,14232,20189,801,15306,75787,9647,199,2,52944,31492,540,5288,370
19124,433,0,72665,5757,232512,26813,34195,4325,49,8361,155447,81415,100,83,172,2045,137062,8277,5190,13719,11218,13914,518,59712,100829,13792,3287,7430,20017,336,5297,17876,966,126550,6383,291446,19815,325,9,49989,3125,6001,17043,7384,14259,21682,800,16423,82309,9836,193,11,53286,32096,602,5324,375
17044,465,0,75544,6098,240285,27110,34110,4543,49,8371,165489,84860,100,96,187,2108,137062,8320,5547,13888,10772,15280,525,60198,101206,14367,3552,8290,21592,389,5363,18481,956,126866,6503,292192,21269,342,10,11002,3088,6326,17203,7455,14338,23446,814,17332,85875,10018,211,11,53423,32809,580,5418,391
18777,506,0,79596,6177,244199,27353,34172,4719,49,8383,174910,87636,100,96,210,4100,138745,8478,5404,14535,11044,16985,537,60715,101479,14861,3774,9193,22113,427,5354,19463,973,127114,6638,292941,23305,376,10,12931,3152,6668,17429,7529,14374,23745,832,18488,89427,10277,213,17,53837,33426,637,5478,408
19773,547,0,81847,6197,246561,27591,34172,4773,49,8367,186350,90462,100,96,226,4446,139598,8669,5736,14786,11044,16985,539,61080,8509,13522,3774,10179,22533,466,5343,20318,896,127279,6748,293564,24710,411,10,13373,3285,6958,17461,7632,14374,25579,869,19460,92116,10554,183,29,54519,33893,709,5768,417
20864,574,0,84917,6801,258308,27779,34172,4876,49,8381,196380,92656,100,96,248,4782,140231,9033,6057,14955,11044,18912,534,61360,8634,13882,-989,10401,22765,511,5305,21157,919,127531,6898,293957,26031,412,10,13779,3287,7256,17564,7761,14374,27033,903,20417,91461,10621,186,29,55111,34539,747,5882,442
21789,598,0,87790,6127,264594,27946,34428,5003,49,8401,202669,94186,100,117,234,5072,140839,9038,5914,15494,11774,20005,527,61629,8782,14205,3151,7976,23160,548,5122,21630,848,127653,7132,294390,18025,419,10,14216,3531,7334,17909,8430,14374,28559,945,20367,99183,10831,173,27,55440,35616,829,6023,483
22670,603,0,90907,6377,277439,28315,34485,5085,49,8434,209953,97571,100,114,271,5538,142301,8910,5827,15712,12076,21918,514,62094,8968,14808,3242,8889,23851,588,5160,22494,842,127823,7306,294903,19526,401,10,14496,3811,7508,18674,8557,14508,27325,875,21022,104763,11075,159,31,55946,36036,875,5993,414
23822,642,0,93848,6216,285842,28726,34555,5054,49,8453,219894,100968,100,100,278,5939,143245,8869,5914,16164,12399,20478,494,62501,8012,15448,3164,9533,24521,589,5216,22994,808,127863,7504,295493,20907,439,10,15079,3949,7716,18960,8586,14550,28844,864,22565,108770,11376,151,36,56459,36547,964,6042,428
22323,680,0,97292,5751,295625,29132,34510,5113,49,8449,228709,103797,100,102,300,6351,144243,9041,6173,16613,12694,22305,474,63027,8282,15951,3442,10220,25337,645,5308,23574,769,127884,7667,295951,22861,522,10,16214,3987,7981,19187,8703,14585,30605,904,23272,115209,11490,162,57,56986,37172,1013,6307,435
23621,718,0,100957,5848,303930,29758,34588,5186,49,8472,240049,108252,100,103,299,6806,145554,9432,7538,17105,12794,24922,457,63450,8467,16559,3792,11240,25985,710,5285,24565,770,128135,7892,296597,25217,574,10,16389,4028,8213,19318,8978,14651,30534,886,24083,118698,11755,155,60,57784,37794,1132,6610,442
25050,770,0,103385,6903,311734,30120,34588,5224,49,8516,250314,111405,100,103,334,7338,146725,9882,7806,17487,13177,27066,436,63967,8741,16190,4022,12022,26515,784,5214,25482,736,128342,8049,297209,27075,623,12,17077,4222,8610,19409,9199,14651,32792,875,24833,123397,11746,161,69,58549,37794,1287,6949,457
26683,847,0,105401,6455,317492,30421,34588,5167,49,8542,265569,113932,100,103,329,7687,147660,10229,8424,17779,13442,28372,431,64560,8925,16595,4159,12871,26788,864,5163,26326,650,128583,8212,297791,28931,677,12,17871,4328,8927,19536,9487,14651,34730,868,25364,126908,11966,151,82,59394,39218,1342,7310,469
28638,902,0,106324,6510,326268,30711,34788,5223,49,8582,278158,117546,100,105,331,8123,148537,10361,8212,18427,13680,30070,436,64972,9150,17010,4031,9498,27184,936,5251,27133,650,128701,8421,298225,19016,702,12,18595,4507,9107,19698,9843,14812,36239,872,27529,130083,12086,149,104,60344,40358,1391,7452,510
30308,920,0,110082,6637,338961,31122,34807,5267,49,8604,287220,120909,100,97,331,8355,149219,10755,8157,18668,14199,32263,390,65688,9443,17671,3873,10338,28126,1034,5406,28207,643,129015,8600,299075,21305,720,15,18644,4677,9432,19899,9954,14911,35547,864,27749,133817,12141,150,104,61043,40900,1328,7805,466
28120,945,0,112765,6439,347510,31549,34905,5293,49,8646,297289,124747,100,95,349,8979,150398,11014,8582,19097,14557,27382,385,66437,8589,18716,4005,11345,28938,1147,5483,29024,618,129244,8855,299797,23124,717,5,18933,5016,9705,20876,10208,14946,37398,878,28421,137063,12065,158,125,62008,41625,1460,7977,457
30122,988,0,115437,6578,357217,32083,34895,5324,49,8659,311098,128182,100,95,338,9507,151630,11281,9165,19564,14933,29638,390,67031,8811,19624,4491,12557,29752,1226,5511,30455,619,129436,9080,300462,24977,783,6,19168,4907,10061,21273,10402,15012,39164,842,29494,146260,12397,158,123,62780,42886,1430,8241,462
32090,1020,0,118756,6633,365656,32666,35031,5501,49,8675,322436,132060,100,95,336,9959,153044,11589,9509,20099,14175,31793,407,67726,9087,20371,4872,13565,30613,1337,5559,31816,582,129467,9313,301118,26823,799,6,19866,4929,10349,21472,10943,15086,41115,865,30270,151757,12475,157,131,63537,43633,1056,8416,455
34212,1070,0,120874,7400,373043,33091,35031,5544,49,8739,332674,136711,100,87,336,10357,154302,12112,9704,20402,14693,31793,392,68494,9429,19812,4582,14568,31568,1359,5515,32989,604,129715,9513,301763,29320,788,6,20409,5420,10667,21582,11275,15086,42628,855,31792,153586,12668,157,144,64372,44582,1499,8638,473
35988,1145,0,122714,7579,379191,33424,35031,5634,49,8797,345065,139955,100,87,338,10766,155262,12784,10126,20704,15667,34875,422,69410,9713,20340,4622,15351,32385,1421,5481,34276,554,129672,9664,302151,31027,796,6,20672,5349,11094,21582,11885,15086,46278,836,32953,158309,12959,157,142,65386,45499,1517,8843,486
37864,1220,0,123881,7167,390100,33821,35183,5739,49,8851,355322,142405,100,79,326,10997,156428,13059,10521,21328,15867,38142,435,69959,9966,20860,4780,12216,32964,1247,5422,35198,600,129800,9873,302591,20847,814,7,21119,5234,11247,22600,12281,15171,47728,829,32933,161806,12775,165,163,66237,46290,1518,9042,511
39319,1287,0,126902,6998,401417,34259,35224,5859,49,8915,364628,145734,100,79,337,11362,157347,13748,10527,21597,16459,39797,414,70763,10193,21515,4358,13820,34046,1178,5643,35978,576,129738,10115,303359,22804,794,7,20919,6115,11489,23336,12760,15249,45054,820,33221,160343,12729,162,140,67088,47110,1525,9374,519
40713,1359,0,128342,6876,413239,34845,35351,5406,49,8975,374274,148967,100,83,326,11683,158935,14488,10787,22110,16863,34340,388,71333,9400,22180,4135,15333,35338,1227,5786,37036,577,130088,10367,303942,24837,864,7,21081,5228,11741,23563,12853,15316,46695,799,33781,163861,12786,158,141,68011,47779,1486,9300,518
40305,1387,0,130144,7009,422572,35414,35306,5502,49,8970,384350,153246,100,88,351,11853,160536,14119,11052,22584,17417,36620,380,71993,9711,22874,4596,16302,36871,1279,6003,38235,572,130232,10593,304637,26662,921,7,21228,5051,11931,23676,13285,15388,48210,808,34401,164589,12739,165,147,68704,48527,1437,9519,528
42057,1430,0,132987,7028,431848,36050,35847,5688,49,1486,396659,157977,100,88,398,12113,162119,14648,11392,23147,17845,38563,380,72910,10035,23510,5000,17807,38440,1177,6113,39169,623,130579,10818,305302,29232,970,7,21626,5355,12281,23998,13776,15453,47844,817,35157,163358,12974,152,163,69721,49329,1537,9706,523
44164,1504,0,136189,7755,438044,36844,35847,5635,49,1533,408734,161694,100,88,446,11870,163533,15090,11583,23603,18647,38563,390,74187,10306,24060,5055,19188,39834,1236,6080,40090,568,131021,11025,305960,30903,966,9,22156,5532,12281,24023,14339,15453,49165,876,36024,163786,12959,158,109,70734,50355,1557,9692,555
45311,1688,0,137731,6600,443840,37366,35847,5715,49,1592,418001,164455,100,88,490,12549,165073,15660,11903,23882,18961,42355,411,74874,10656,22759,5108,20346,40951,1216,6205,41115,589,131443,11160,306390,32413,1025,9,22301,6091,12928,24050,14942,15453,50330,908,38239,159901,12901,158,107,71607,51134,1618,9964,567
47114,1785,0,139202,6674,449627,37566,36049,5792,49,1637,426816,167334,100,53,506,12809,166286,15877,11987,24363,19411,44675,421,75995,10938,23266,4989,16212,42268,1243,6485,42073,594,131733,11534,306933,20776,1058,9,22420,6937,13115,24666,15230,15719,51533,917,38272,165516,12807,156,107,73050,51803,1563,9891,580
48365,1872,0,140900,6565,462083,38277,36138,5820,49,1698,435860,171489,100,55,540,13096,167330,16206,11466,24610,19922,45770,398,76474,11179,24035,4674,17474,43949,1319,6316,43123,403,132157,11706,307412,22538,1084,9,22059,6903,13369,24891,15631,15917,49685,895,40806,158131,12664,155,76,73349,52657,1531,9760,593
49734,1922,0,142825,6596,476005,38713,36599,5913,49,1692,445090,174681,100,52,634,13298,168709,16309,11523,25093,20508,34644,409,77215,11652,25050,4682,19170,45703,1410,6396,43965,414,132437,11847,308035,24197,1038,11,21776,6714,13674,25105,15850,15983,51372,903,37673,161456,12259,151,81,74218,53430,1577,9722,580
48796,1971,0,144814,6580,483908,39087,36626,5968,49,1696,454793,178615,100,54,748,13593,170465,16556,11585,25379,21065,36310,421,78097,10923,25836,5093,20897,47884,1519,6636,44938,419,132738,11738,308714,26308,1017,11,21873,6793,13980,25305,16358,16130,53046,866,37604,161245,12135,143,81,75035,54239,1560,9870,595
50742,2069,0,147602,6645,491342,39644,36765,6024,49,1657,463543,182600,100,47,859,13784,172423,16723,11303,25828,21935,38085,428,79164,11408,26622,5534,22013,49351,1574,6882,46131,446,133366,11943,309270,28054,1077,11,21882,6759,14298,25544,16562,16192,54445,873,38542,158526,11762,146,60,75777,54239,1648,9689,577
52345,2182,0,150191,6681,497268,40071,36765,6080,49,1657,473006,186187,100,47,928,13915,174054,17196,11600,26056,21848,38085,437,80146,11819,24853,5423,23117,50356,1564,6887,47115,404,133724,12006,309939,29725,1103,13,21253,6900,14620,24418,17647,16192,55989,913,39466,155269,11645,133,72,76579,55949,1764,9771,590
54416,2324,0,151289,7312,502779,40506,36765,6129,49,1603,480048,189337,100,59,947,13767,175510,17527,11893,26332,22308,41494,448,81046,12225,25279,5446,23779,50908,1666,7045,48246,423,134039,12076,310366,31045,1159,14,21108,6855,14899,24482,18181,16192,57152,911,40083,158663,11475,131,72,77456,56577,1844,10012,609
55627,2370,0,152016,6882,507410,40713,37012,6203,49,1834,484727,191593,100,65,1128,14100,176799,18098,11802,26869,22429,42576,450,81881,12414,25885,5339,17023,51935,1516,7053,49194,423,134108,12132,310845,20494,1090,15,20923,6886,15078,24913,18561,16398,58299,946,38666,152186,11248,130,77,78633,57115,1943,9884,607
56635,2382,0,152716,6891,517001,41103,37060,6247,49,1852,489928,194027,100,66,1249,14409,178251,22724,11320,27218,23040,46164,430,82584,12951,26682,5076,18055,53132,1484,7169,50108,427,134416,12219,311538,21561,1111,15,20198,6578,15406,26220,19087,16531,59484,935,38065,152499,11137,125,91,79622,57760,1872,9727,573
55036,2406,0,154049,6937,520798,41670,37175,6370,49,1841,495112,197729,100,73,1382,14616,179982,15259,11203,27630,23522,32764,414,83141,11963,27393,4886,19249,54317,1544,7385,50704,386,134736,12214,312061,22555,1112,15,19759,6598,15603,25250,19405,16614,60719,951,37404,153641,11090,125,99,80253,58460,1820,9647,573
56955,2238,0,155123,6958,531318,42095,37087,6413,49,1837,502642,200869,100,85,1483,14971,181914,14701,11099,27985,23971,34017,400,83664,12162,28128,5359,20184,55471,1573,7596,51406,400,135041,12276,312700,24583,1119,16,19241,6488,15820,25410,19676,16731,61996,987,37606,151547,10966,129,108,80933,59264,1824,9580,560
58643,2273,0,156157,7158,536681,42528,37158,6465,49,1882,510148,204887,100,85,1644,15210,183986,15163,10803,28465,24443,35456,413,84403,12561,28924,5564,21197,56513,1565,7583,52316,419,135256,12340,313352,26084,1053,16,19048,6654,16176,24428,20421,16848,58459,983,38219,150789,10669,130,115,82840,59915,1815,9534,552
60495,2333,0,156807,7916,544081,42959,37158,6496,49,1939,518468,209241,100,85,1848,15524,186158,16183,10726,28790,25132,35456,399,85105,12969,26035,5644,22381,56694,1559,7567,53173,350,135604,12268,313968,27671,1128,17,18872,6732,16544,24425,21150,16848,59655,1024,39030,150231,10301,124,115,84024,60835,1823,9654,525
61643,2416,0,157246,7387,549369,43277,37158,6535,49,2006,524620,212397,100,92,1956,15517,187535,17219,10892,28989,25535,38053,407,86008,13284,26571,5632,22886,58049,1602,7341,53976,353,135922,12368,314397,29061,1129,17,18744,6911,16805,25071,21842,16848,60606,1125,40492,149326,9877,122,115,84837,61384,1878,9528,557
63300,2416,0,157521,7343,563755,43604,37402,6543,49,2028,528684,214796,100,88,2056,15708,188853,17880,10914,29478,25741,38591,389,86757,13553,27144,5451,23346,59018,1529,7452,54683,326,136140,12435,314819,30270,1166,18,18737,6980,16905,24929,22542,17019,61313,1146,39511,150518,9726,122,128,85461,61950,1917,9401,531
64081,2449,0,158436,6847,568423,43969,37519,6589,49,2071,534239,218237,100,119,2136,16011,190382,16444,10542,29756,26191,39729,366,87304,13935,28044,4981,16513,60094,1485,7566,55178,316,136362,12522,315437,19526,1099,18,18233,6917,17180,25057,23116,17126,59195,1060,38331,150166,9639,119,128,86249,62435,1869,9323,503
61381,2493,0,158678,7526,580623,44254,37535,6654,49,2066,542136,221697,100,103,2255,16340,192012,16227,10363,30333,27262,26436,365,87816,14210,28514,4724,17549,61602,1590,7576,55667,305,136830,12509,316064,20490,1035,18,18204,6783,17365,24057,23779,17182,59993,1062,37814,147096,9428,118,162,86922,62978,1905,8902,480
62144,2576,0,159675,6582,587114,44688,37523,6787,49,2069,548224,224130,100,129,2556,16528,193822,17251,10093,30714,27925,27525,371,88578,13147,29665,4916,18139,63073,1389,7837,56227,309,137478,12546,316728,21568,1098,18,18029,6810,17635,24256,24140,17278,60888,1058,38047,145326,9254,116,197,87870,63603,1965,8949,488
62893,2675,0,160269,6359,601953,44987,37635,7134,49,2108,554144,227322,100,152,2787,16817,196091,16446,10398,31227,28473,28795,386,89258,13432,30522,5325,19051,64428,1449,8164,57281,351,138038,12477,317343,22888,1135,19,17869,6971,17873,24397,24811,17361,59907,1101,37809,145878,8937,122,193,88991,64384,1976,9021,512
64161,2744,0,160823,6487,606776,45263,37635,7154,49,2110,560292,230499,100,152,3029,16837,197914,17060,10709,32080,29029,28795,401,90062,13887,27418,5251,19839,65626,1454,7876,58116,293,138268,12409,317987,24392,1162,19,17832,7234,18277,24516,25366,17361,60892,1082,38302,143018,8612,119,206,89675,65119,2004,8846,538
65012,2813,0,161449,6494,612630,45601,37635,7187,49,2130,563964,232328,100,152,3194,16771,199457,17481,10947,32080,29029,29899,417,90569,14269,27889,5204,20216,66813,1523,7760,58810,278,138223,12303,318514,25636,1213,19,17535,7457,18519,23294,25671,17361,61498,1182,39687,145426,8588,120,209,90523,65680,1978,8720,588
65556,2849,0,161699,6341,618119,45760,38002,7230,49,2155,566555,234134,100,220,3334,16781,201218,17194,11054,32799,29715,30447,432,91066,14513,28379,5099,13740,67810,1548,7718,59392,279,138470,12301,318863,15419,1178,23,17466,7515,18644,23568,26425,17567,61935,1194,38545,144846,8398,126,226,91209,65936,1950,8555,602
66902,2874,0,162364,5898,626636,46001,37990,7251,49,2131,570174,236883,100,241,3440,16946,202930,17164,10634,33054,30236,31059,437,91577,14729,29016,4757,14503,68630,1556,7809,60019,260,138770,12254,319456,16634,1169,23,16976,7263,18811,23566,27367,17664,51135,1161,37450,142231,8233,125,254,91976,66455,1839,7775,571
68011,2908,0,162690,5919,635584,46253,38048,7268,49,2158,574115,239133,100,231,3590,16994,205203,16673,10676,33532,30753,17174,446,91958,13334,29695,4592,15815,69851,1515,7871,60354,262,139050,12044,320009,17745,1209,23,16538,7177,18994,23740,27578,17755,60846,1222,37263,139014,8261,121,235,92620,66867,1732,8189,611
65791,2978,0,163125,5666,640457,46549,38081,7314,49,2088,578553,241837,100,317,3768,17081,207008,16824,11145,34016,31382,18064,446,92520,13635,30206,4912,16682,70911,1549,8034,60845,255,139105,12072,320536,19690,1394,23,16418,7265,19187,22620,27776,17822,61714,1269,36720,136758,8237,123,236,93361,67552,1810,8090,591
66952,2957,0,163480,5854,646954,46542,38166,7331,49,2095,583118,244632,100,367,3995,17052,209279,16978,11390,34949,31953,18913,459,93178,14110,30206,5414,17532,72178,1329,7958,61649,276,139343,12211,321163,21667,1501,23,16355,7614,19441,22774,28472,17961,61801,1376,36609,135389,8195,125,273,94172,67929,1766,7936,623
67837,2960,0,164207,5761,652304,47155,38166,7305,49,2130,587323,247130,100,367,4237,16994,211618,17968,11580,35442,32746,18913,470,93791,14234,26809,5362,18454,73501,1471,7796,62273,260,139848,12247,321741,23370,1633,23,16276,7839,19704,22862,29196,17961,62684,1540,37094,131738,8077,129,267,95272,68738,1701,7995,627
68363,2964,0,164185,5636,657127,47401,38166,7359,49,2118,590246,248817,100,367,4446,16932,213505,18581,11916,35712,32746,20077,471,94364,14234,27569,5398,19077,74330,1523,7633,62805,250,139933,12193,322214,24833,1676,23,15999,8030,19931,22884,29506,17961,63366,1551,38316,130698,7899,128,267,96050,69149,1736,7661,645
70002,2917,0,164302,5509,663326,47579,38658,7366,49,2200,592432,251097,100,472,4577,16876,215109,20236,12124,36582,33470,20682,464,94928,14868,28443,5422,19580,75144,1556,7509,63199,261,140147,12254,322574,17231,1657,23,16111,8132,20101,21774,30228,18215,63922,1570,36975,129519,7810,128,261,96670,69504,1751,7463,639
70521,2840,0,164955,5312,668650,48013,38684,7349,49,2195,594922,253092,100,548,4699,17058,216761,18477,12151,36896,34079,21199,454,95283,15254,29373,5157,14184,75920,1636,7639,63511,243,140422,12186,323125,18541,1681,23,15771,7912,20216,21850,30325,18274,59528,1530,35754,125843,7841,128,232,97551,69829,1726,7403,630
69181,2770,0,164829,5390,674472,48179,38864,7332,49,2156,597989,255279,100,676,4973,17081,218880,18427,12833,37814,34734,12191,439,95708,13849,30210,5022,15030,77262,1704,7817,63711,217,140700,12068,323628,19749,1784,23,15717,7661,20391,21932,30340,18344,60089,1513,35940,126087,7836,131,215,98251,70281,1753,7430,615
70919,2828,0,165271,5341,679144,48511,38918,7271,49,2203,601123,257681,100,767,5223,17113,220564,18563,14950,38292,35337,12845,435,96261,14196,31057,5659,15589,78726,1807,8021,64231,221,140948,11963,324355,21816,1995,23,15717,7586,20534,22054,30971,18472,60539,2000,36090,123432,7642,132,214,99278,70813,1662,7547,636
72050,2872,0,165557,5496,684580,48909,39063,7323,49,2236,604849,259901,100,789,5400,17095,222980,18313,15743,38947,35573,13421,417,96813,14640,31844,6177,16174,80172,1791,8035,64840,230,141263,11829,324910,23209,2163,23,15892,7712,20748,22227,31564,18553,61865,2182,35801,121937,7582,131,197,100162,71396,1766,7603,680
73709,2944,0,165949,5473,689144,49157,39063,7474,49,2274,607898,262182,100,789,5667,17135,224849,18966,16103,39488,36328,13421,461,97424,15074,28273,6287,16895,81640,1869,8079,65434,243,141560,11730,325474,25763,2325,25,16009,7949,20955,20997,32122,18553,63120,2428,36456,121223,7657,134,213,101269,71974,1820,7606,642
75045,2956,0,166092,5664,693014,49328,39063,7421,49,2266,610467,263369,100,789,5799,17009,226830,19488,16931,39654,36774,15018,472,97915,15260,29627,6408,17528,82941,1953,7927,65881,222,141781,11693,326087,26805,2481,25,16187,8387,21212,21003,32414,18553,64184,2644,36599,117369,7723,137,222,102161,72415,1912,7516,656
75848,2988,0,166124,5466,699453,49513,39447,7443,49,2280,612284,264838,100,852,5882,17008,228489,19309,17279,40475,37088,15325,474,98370,15553,30121,6342,12559,84088,1987,7921,66150,228,142103,11660,326699,18723,2378,25,16385,8749,21370,21236,32765,18793,64841,2730,36315,112461,7710,141,222,102910,72720,2017,7247,632
77388,3012,0,166457,5036,702467,49856,39573,7511,49,2292,619666,266964,100,866,6001,17023,229943,19188,17285,40833,37820,15980,472,98126,15904,30902,5996,13173,85176,1945,7998,66522,250,142391,11713,327402,20799,2245,26,16416,8601,21544,22687,32986,18839,65658,2750,35663,109941,7656,145,178,103782,73008,2126,7552,631
74868,3042,0,166775,5010,707964,50068,39674,7476,49,2258,621941,268818,100,828,6282,17080,232044,19035,17256,41656,38562,10402,457,98527,16202,31536,5682,13921,86638,1998,8233,66719,243,142640,11749,328043,21890,2285,26,16526,8651,21463,21626,33560,18897,66278,2875,35359,106664,7754,146,131,104558,73442,2159,7346,621
75898,3136,0,167622,5331,712525,50320,39692,7533,49,2272,625363,271420,100,831,6434,16970,233380,19234,17975,42193,39362,11198,497,99195,6700,32300,6059,14662,88053,2033,8599,67043,240,142964,11841,328876,23514,2428,26,16791,8745,21722,23062,33750,18951,67458,3013,16163,104767,7917,143,124,105590,73911,2273,7411,610
76973,3249,0,168126,5755,717024,50301,39848,7564,49,2278,628461,273423,100,861,6614,17024,238936,19312,18533,43102,40103,12006,493,99970,6889,33346,6530,15463,89621,2084,8491,67484,209,143369,11825,329682,25530,2513,26,17113,9071,21928,21878,33786,19041,69048,3032,15604,105701,7873,143,84,106584,74382,2347,7972,555
78374,3314,0,168762,5840,721605,50966,39848,7643,49,2304,632056,275571,100,861,6754,17019,241717,19919,19005,43391,40858,12006,462,100712,7311,29707,6470,15991,91503,1829,8428,67861,250,143650,11836,330419,27042,2539,27,17557,9597,22178,23244,34028,19041,69981,3057,16117,103957,7956,138,90,107368,74883,2531,7979,544
78884,3395,0,168825,6188,725125,51230,39848,7738,49,2313,634582,277162,100,861,6839,16940,243125,20417,19325,43564,41165,13343,500,101217,7668,29707,6215,16386,92807,1904,8009,68368,248,143900,11844,331089,28127,2654,27,17721,9695,22365,21835,34056,19041,70634,3018,16902,101136,8005,134,95,108516,75282,2613,8119,574
79543,3428,0,168879,6062,727207,51434,39848,7793,49,2338,636398,277763,100,861,6882,16799,244486,20011,19483,44058,41420,13640,491,101967,7889,30915,5910,16627,93719,1952,7861,68721,238,144197,11807,331548,18370,2565,28,18482,9953,22510,22082,34898,19041,71269,2892,17027,101932,8142,128,104,109090,75592,2746,8114,574
80175,3447,0,168821,5844,730521,51604,40259,7779,49,2337,638177,279280,100,743,6909,16829,245871,19461,19368,44732,41657,13883,494,102290,8052,31413,5459,10696,94491,1992,8141,68791,236,144445,11770,332059,19074,2264,28,17415,9930,22618,23686,35022,19354,71565,2679,15693,95226,8213,131,103,109894,75592,2784,8187,612
77909,3509,0,169139,5558,733307,51821,40348,7779,49,2320,640149,281172,100,696,6969,17977,247180,19163,19377,45108,42239,9375,444,102602,6496,32308,4892,11084,95802,2028,8445,68921,236,144731,11754,332596,19926,2220,28,17440,9661,22700,22378,35007,19429,71840,2434,14977,94683,8162,130,109,110565,76031,2811,8187,626
79041,3619,0,169419,5196,736884,52074,40473,7826,49,2298,642405,282919,100,744,7078,16906,249105,18974,19560,45482,42946,9818,346,103088,6879,33274,4888,11568,97025,1808,8768,69180,272,145110,11685,333308,21112,2353,28,17592,9293,22683,22550,35767,19518,72186,2456,15047,91548,8044,123,64,111691,76482,2652,8854,604
80147,3702,0,169763,5713,740675,52360,40704,7919,49,2351,645879,284535,100,722,7187,16939,251374,19347,19813,45995,43838,10532,467,103710,7305,34673,5010,12407,98548,1859,8901,69437,316,145520,11625,334123,22611,2343,28,17870,9371,23056,22709,36058,19633,74587,2515,15160,92740,8223,117,59,112717,77020,2851,9175,498
81073,3786,0,170185,6119,744606,52749,40704,8050,49,2316,648971,286618,100,722,7157,16700,253472,20035,20034,46273,44486,10532,488,104476,7843,30634,4980,12837,100562,1968,8867,69841,297,145913,11564,334910,24039,2534,29,18091,9635,23341,22886,36557,19633,75507,2515,13880,95317,8418,123,49,113870,77485,3037,9485,515
82181,3847,0,170373,6175,747350,53149,40704,8157,49,2402,651386,287981,100,722,7183,16458,254918,20961,20305,46379,45013,11780,501,105047,8115,30634,4879,13079,102266,2056,8587,70155,307,146173,11542,335575,25232,2754,29,18084,9889,23518,22886,36841,19633,77369,2461,13881,89648,8752,121,57,114708,77835,3148,10225,536
82881,3922,0,170428,6895,750695,53515,41268,8229,49,2414,653088,288984,100,627,7115,16913,256285,20790,20423,47231,45299,12255,531,105578,8360,31853,4737,8341,103540,2127,8802,70420,291,146476,11612,336104,15463,2758,30,18357,10311,23518,23194,37208,19832,78172,2499,15369,93465,9068,129,58,115389,78132,3191,10219,468
84472,3938,0,170770,6932,753610,53899,41404,8354,49,2441,656059,290597,100,626,7051,16561,257731,20490,20135,47545,45964,12600,501,106142,8667,32531,4419,8818,104881,1954,8937,70585,290,146889,11623,336829,16519,2564,30,17849,10409,23790,23289,37621,19944,78941,2386,14444,92248,9237,120,54,116142,78450,3167,10527,473
77463,3981,0,171286,6917,756630,54467,41537,8426,49,2435,658262,292637,100,579,6958,16589,259639,20001,20337,48222,46639,7960,496,106747,7057,33286,4245,9507,106088,2104,9181,70774,260,147235,11575,337421,17618,2528,30,17520,10334,23964,23437,37714,20042,79559,2442,14734,91232,9582,114,43,116851,78792,3239,10857,545
78124,4085,0,172870,7900,760233,54899,41694,8506,49,2408,661370,294429,100,588,6893,16650,261670,19834,20120,48662,47168,8421,507,107347,7471,34254,4850,10184,107775,2103,9513,71092,239,147758,11521,338230,19139,2713,31,17315,10244,24163,23586,38279,20167,80857,2615,14269,91707,10113,114,47,117778,79167,3333,11613,603
79203,4177,0,173965,8764,764598,55480,41831,8545,49,2431,664435,296318,100,593,6849,16830,263870,19928,21029,49581,47859,9371,529,107842,7916,35033,5584,10669,109580,2225,9691,71560,306,148215,11403,338931,20509,2986,31,17130,10493,24445,23681,39085,20288,81710,2812,15120,88950,10846,112,64,118896,79565,3374,12857,654
80495,4246,0,174416,7976,768295,56069,41831,8571,49,2460,667946,298422,100,593,6812,16891,266369,20996,21270,49942,48761,9371,549,108494,8489,30902,6299,11307,111039,2454,9846,71879,318,148644,11409,339856,21755,3096,37,17024,10901,24683,23424,40388,20288,82621,2946,14241,87367,11455,111,64,119710,80162,3423,13689,640
81293,4339,0,174709,6689,771152,56549,41831,8646,49,2506,670458,299553,100,593,6661,16943,267757,20909,21621,50155,49194,10281,574,108900,8833,30902,6664,11583,112344,2335,10132,72261,308,149058,11388,340634,23047,3208,37,17023,11394,24884,24035,41230,20288,83078,2843,15452,88709,11922,109,64,120502,80511,3521,14161,712
82109,4408,0,174827,8233,775040,57070,42325,8664,49,2501,672122,300735,100,607,6580,17150,269227,20342,21781,51056,49522,10515,582,109307,9082,32465,6747,5419,113699,2393,10427,72479,313,149413,11420,341163,14686,3210,38,17119,12019,25035,24043,41867,20567,83481,2890,15502,107795,12293,104,64,121100,80681,3549,14432,723
82895,4223,0,175295,6588,777876,57702,42460,8722,49,2514,674493,301621,100,646,6514,17411,270731,20034,21109,51416,50251,11256,599,109623,9244,33144,6558,5848,114745,2600,10277,72700,293,149807,11418,341891,15840,3092,38,16441,12628,25350,25642,41983,20673,68798,2817,15109,112538,12656,106,64,121847,81123,3550,14788,737
80082,4228,0,175532,6782,781145,58287,42614,8758,49,2500,676881,303392,100,655,6575,17615,272559,19738,21223,52218,50911,7598,585,109999,9768,34030,6556,6376,116267,2237,10604,73192,266,150177,11544,342496,16762,3302,38,16043,12412,25490,25738,42043,20800,70933,3108,14872,109487,13120,99,73,122334,81621,3472,15280,842
81117,4355,0,175900,7066,784123,58812,42663,8830,49,2529,679245,304882,100,657,6530,17876,274785,19709,21179,52663,51451,8159,596,110475,8152,35102,7110,7109,117610,2443,10886,73571,281,150475,11696,343370,18409,3483,38,15790,12456,25842,24342,43215,20927,71349,3291,14225,89687,13815,100,63,123147,82158,3560,16333,891
83584,4160,0,176216,7254,788144,59487,42776,8937,49,2550,681972,305640,100,579,6499,18194,277525,19975,21071,53751,52240,8844,587,111011,8629,36134,7887,7811,119465,2713,10920,74105,322,151353,11797,344177,24499,3562,38,15791,12616,26282,24503,44270,20796,71751,3507,14484,89315,14722,97,68,123975,83126,3659,17188,920
84507,4048,0,176474,7419,791868,60045,42776,8982,49,2562,684660,306959,100,579,6490,18545,279941,20666,19104,53979,53132,8844,580,111589,9180,32278,8344,8439,121452,2987,10889,74698,303,152097,11802,345107,26198,3672,39,15771,12752,26549,24560,44771,20796,72321,3742,14473,89024,15293,101,89,124870,83730,3709,18270,936
85237,3923,0,176742,7332,794284,60593,42776,9070,49,2589,686532,307739,100,579,1858,18573,281528,21318,19470,54200,53584,9746,580,112005,9759,32278,8422,8613,122973,3155,11009,75068,354,152792,11763,345900,27486,3766,39,15875,13573,26787,25368,45660,20796,72533,3790,15475,90635,15961,100,81,125401,84169,3852,19068,1064
85899,3770,0,176888,7147,797078,60984,43334,9178,49,2587,687265,308320,100,452,1916,18833,283224,21884,19606,55268,53990,9971,561,112466,10178,33600,8241,4391,124208,3400,11282,75526,339,153195,11811,346671,20359,3669,39,16197,13379,26957,24909,46774,21036,72688,3828,15313,87984,16459,97,81,125791,84538,3986,19578,1091
86454,3342,0,177427,6965,799872,61489,43514,9297,49,2559,690425,309312,100,585,1941,19174,284567,21533,19417,55648,54894,10494,567,112856,10682,34697,7995,4944,124465,3454,11479,75909,331,153604,11860,347856,21220,3651,39,16416,13244,27198,27250,47813,21127,71139,3684,14246,90324,16835,90,55,126584,84918,4010,20270,1069
84213,3213,0,177596,7016,803230,61964,43732,9355,49,2544,692199,311005,100,617,2018,19603,286804,21571,19433,56276,55826,6359,570,113240,8892,35880,7653,5484,124646,3635,11888,76160,364,154294,11993,348742,22678,3662,39,16203,13068,27230,25617,48094,21312,72873,3658,14363,92120,17442,88,44,127254,85396,3988,21022,1107
85248,3053,0,178127,7251,806232,62612,43823,9503,49,2528,694700,312296,100,573,2078,19909,288944,21876,19443,56747,56567,6902,583,113993,9622,36859,8118,6170,124832,3891,12330,76581,342,154855,12108,350038,24897,3690,42,16281,12851,27564,25600,48402,21455,70424,3832,14150,92091,18081,88,52,127598,85984,4065,22144,1177
86200,2974,0,178517,8202,809959,63263,44376,9617,49,2542,697250,313528,100,552,2119,20393,291348,24168,19604,57644,57489,7693,584,114666,10373,37835,8762,6822,128835,4100,12664,77342,456,155563,12187,351596,26654,3739,42,16603,12762,27862,25824,49074,21612,72825,3987,13772,93938,18516,99,50,128491,86667,4147,23023,1172
87874,2960,0,178998,7346,813406,63897,44376,9732,49,2592,699963,315036,100,681,2192,20654,293759,23545,19601,57899,58675,7693,579,115210,11028,34626,8817,7419,130453,4569,12816,77857,500,156462,12351,353159,28835,3784,42,16711,12693,28188,25806,49694,21612,74498,4112,13502,93886,18998,104,51,129506,87277,4180,24053,1229
88663,3066,0,179210,7230,816566,64377,44376,9792,49,2589,701788,315763,100,681,2233,20738,295195,24627,19757,58154,59287,8554,595,115679,11669,34626,8545,7738,131893,4851,12911,78246,547,157035,12375,354287,29440,3779,42,16944,12091,28446,25833,49989,21612,74156,4268,14229,93791,19748,105,42,130524,87732,4289,24282,1291
89206,3100,0,179356,6931,819336,64811,45195,9838,49,2610,703162,316522,100,804,2251,21005,297034,24168,19942,58968,59499,8763,595,116173,12164,36066,8247,7113,133186,5008,13143,78573,492,157505,12468,355160,23473,3693,44,17400,12772,28651,26245,50610,21917,74431,4274,15881,94182,20276,134,37,131156,88118,4331,24607,1304
89949,3239,0,180054,7550,821958,65433,45312,9830,49,2671,705358,317421,100,841,2307,21475,298620,24247,20119,59449,60225,9289,584,116576,12651,37195,7986,8074,134118,4983,13420,79045,500,158093,12723,356497,24944,3692,44,17545,13061,28888,26502,51041,22078,74550,4179,15728,94764,20417,131,18,131545,88498,4330,24870,1299
90869,3193,0,180469,6695,825590,66118,45434,9830,49,2671,707803,318883,100,887,2356,21965,301208,24698,20363,59997,62564,6620,581,117026,10571,38402,7881,8613,135182,5352,13837,79450,440,158553,12987,357775,26632,3706,44,17922,13066,29181,28373,28717,22248,74435,4511,16237,94906,20661,134,16,131962,89031,4332,25518,1342
88098,3273,0,181124,7079,828852,66939,45699,9885,49,2700,710945,320113,100,810,2409,22448,304270,25407,20974,60523,63108,7139,596,117770,11007,39779,8508,9168,136719,5824,14250,79917,532,159792,13091,359526,29031,3832,44,18471,13190,29652,28659,28774,22510,74764,4673,16752,95793,21226,142,18,133667,89735,4258,26810,1435
89572,3388,0,181615,8219,832590,67736,45986,9940,49,2753,713735,321684,100,859,2530,22904,307355,26548,21314,61668,63797,7370,589,118465,11760,41095,9423,10024,138606,6330,14089,80666,622,160602,13294,360974,31040,3963,44,19466,13515,30059,28898,28569,22742,75044,5188,16620,96839,21459,142,18,134695,90370,4429,27552,1549
90622,3610,0,182299,7744,835843,68714,45986,10007,49,2790,713735,322876,100,859,2552,23313,310230,28445,21635,61991,64657,7370,601,119079,12389,37963,9590,10965,143258,6547,15277,81470,692,161380,13480,362336,33343,4168,46,19982,13893,30455,28923,28507,22742,75370,5533,16933,97389,21733,148,19,135811,90845,4454,28237,1594
91438,3837,0,182706,7810,838611,69510,45986,10046,49,2816,719127,323993,100,859,2590,23470,312948,30008,22221,62254,65501,8531,607,119620,12935,37963,9903,11254,143514,7131,15772,81848,742,162050,13451,363361,35057,4427,46,20627,13769,30786,29901,28408,22742,75739,5865,18101,97793,22020,151,16,136562,90845,4580,29024,1680
92171,4015,0,183004,7846,841327,70062,47323,10140,49,2846,720612,324882,100,921,2595,23849,315675,29991,22361,63311,66060,8577,611,120120,13682,39900,9866,7962,143730,7432,15871,82414,750,162458,13767,364383,22503,4545,46,21348,13815,30998,29096,29011,22742,76065,6062,20072,98926,22349,154,16,137351,90845,4575,29514,1690
93288,4059,0,183564,7752,844666,71039,47642,10147,49,2848,723218,325850,100,1015,2621,24212,318498,30560,21795,63760,66436,9249,631,120587,14418,41336,9746,8661,143935,7774,16282,82877,787,163394,14004,365647,24194,4599,46,21706,13872,31305,31574,29250,23358,76197,6044,19092,101389,22714,155,19,138421,92564,4686,30767,1726
91033,4156,0,184277,8015,848475,71671,47802,10140,49,2867,726037,327131,100,985,2657,24677,321317,30786,22278,64648,64981,5634,621,121084,12453,42916,9880,9512,148250,7917,16987,83330,855,164252,14409,366754,26080,4759,46,22663,13908,31682,31807,29986,23536,76435,6604,19245,104110,22964,153,15,139111,93288,4615,31631,1859
92168,4192,0,185177,8432,851316,72765,47837,10175,49,2847,729252,328749,100,1072,2697,25110,325278,31754,22337,65338,65971,6365,620,121669,13015,45340,10307,10822,150202,7849,17771,83978,829,165143,14909,368057,28594,4947,49,23742,13913,32044,32057,30271,23796,77039,7132,19799,104268,23249,160,16,140322,93953,4623,33196,1958
93350,4246,0,185686,8618,854343,74001,48637,10244,49,2883,732607,330294,100,1178,2753,25967,330332,33289,23662,66314,67188,7119,619,122428,13752,47531,12011,11930,152446,8148,18514,84652,894,165849,15385,369653,31242,5247,49,24653,14339,32448,32463,30356,24038,77532,7312,18791,106634,23328,170,14,141394,94655,4919,34381,2114
94636,4245,0,186442,8818,856658,75083,48637,10350,49,2900,736564,331777,100,1178,2816,26596,333934,35740,23668,66785,68330,7119,654,123211,14315,44226,12046,12670,154527,8591,18702,85619,937,166722,15801,371309,33325,5370,55,25807,14461,32826,32472,30244,24038,77874,7768,19650,107798,23647,181,20,142380,95432,4841,34381,2200
95600,4425,0,186938,8912,858713,75976,48637,10410,49,2928,739053,332920,100,1178,2849,26885,338157,36497,23991,67030,69134,8239,646,123730,15031,44226,12209,12670,156363,9139,18891,86225,903,167547,16001,372562,35623,5652,55,26553,14485,33042,33535,30657,24038,78221,8012,21109,110310,23685,190,18,143212,95962,4937,34381,2341
96458,4599,0,187514,8666,862663,76995,49816,10417,49,2930,740706,333653,100,1340,2837,27279,341248,36744,24324,68272,69692,8424,640,124221,15843,47221,12184,9746,157837,9611,19307,86801,1020,169047,16473,373471,24692,5837,55,27512,14533,33297,33254,31243,24642,78311,8388,23307,109705,23981,192,18,143810,96403,5092,35381,2458
97485,4643,0,188395,8430,866691,78152,50245,10412,49,2919,744284,334764,100,1466,2889,27890,344920,36981,24108,68869,70800,9117,635,124768,16814,49072,11598,10445,159224,8999,19531,87436,1102,169961,16953,374584,26217,6032,57,28096,14659,33633,35406,31927,24927,78436,8441,22435,110961,24399,197,20,144618,96868,5121,37394,2521
98407,4783,0,189175,8528,869772,79346,50653,10370,49,2918,746323,336046,100,1502,2880,28555,349194,37627,23985,70086,72099,6333,634,125218,17494,50915,11099,11225,160625,9352,20045,88003,798,170868,17600,376490,28019,5974,57,29087,14666,33938,35613,32038,25374,78597,8688,22648,112189,24843,205,13,145523,97588,5106,38521,2717
99782,4955,0,189958,8738,876108,80649,51004,10448,49,2916,751824,337806,100,1516,2941,29131,354093,39389,24435,70646,73292,7090,648,125910,14549,53073,11822,12175,162545,9096,20793,88771,832,171909,18092,377985,30369,6350,57,30088,15017,33938,36023,32001,25826,78969,9273,22341,109511,25400,211,19,146725,98236,4471,38888,2831
103618,5130,0,190711,9138,881494,81944,51675,10516,49,2939,755440,339993,100,1569,3023,29890,359052,40707,25117,71713,74630,7768,641,126583,15599,55099,12817,12963,164496,9610,21425,89573,949,172840,18646,379499,33053,6363,57,31343,15132,34829,38396,33763,26339,79352,9862,23803,112542,26254,235,20,147789,99049,4601,39199,3120
105971,5478,0,191378,9544,886341,83696,51675,10557,49,2996,759834,341797,100,1569,3049,30613,365150,42838,25739,72064,76353,7768,673,127341,16793,53151,13048,14158,167021,9412,21612,90715,946,174679,19420,381454,35607,6310,57,32856,15740,35216,38489,33620,26339,79517,10218,24243,116836,26773,257,20,148762,99968,4714,39842,3266
107050,5994,0,192547,9775,889238,85330,51675,10637,49,3021,762207,343114,100,1569,3114,31011,369183,44483,26864,72342,77812,8723,719,128119,17845,53151,12915,14158,168976,9751,21837,91601,1032,175706,20131,382950,37401,6506,57,34073,15946,35578,39821,34354,26339,80352,10745,26389,118956,27165,282,20,149679,100617,4828,40574,3448
108017,6340,0,193169,9580,893052,87473,53710,10751,49,2991,765564,344054,100,1658,3092,31405,373895,45013,27417,73461,78575,8933,742,128678,19040,57178,12545,11115,170698,9855,21966,92059,1002,176847,20773,384069,25961,6446,61,35137,15791,35911,39947,34728,27182,80750,11061,27473,122132,27297,284,22,150503,101179,5030,41103,3725
109106,7712,0,194062,9500,897428,88846,54242,10717,49,3047,769806,345528,100,1732,3114,32029,377849,45536,27393,74355,80164,9837,764,129534,20293,59820,13015,11949,172275,10060,22511,92771,1066,178416,21279,385983,28061,6315,61,35797,15480,36274,42034,35082,27585,80845,11188,26219,123600,27704,289,22,151489,101690,4430,43199,3823
110356,8017,0,194834,9315,901747,90268,54723,10770,49,3053,773855,347149,100,1772,3098,32633,383908,46617,28412,75643,81887,6919,799,130193,21438,63389,13475,12930,174435,10122,23284,93313,1034,179941,21772,387876,30280,6247,61,36619,15074,36687,42627,34753,28023,80854,11933,26157,125768,28297,294,21,153352,102390,4558,43503,3964
105230,8351,0,195865,9478,906089,91999,56037,10856,49,3104,777976,348925,100,1835,3091,33241,390214,48806,29796,76524,83567,7295,858,131116,18559,67451,15460,13892,174816,10474,24663,94378,1106,181366,22686,390231,33127,6771,61,38360,14968,37250,43130,35545,28376,81230,12462,26346,128095,28639,305,21,154715,103198,4745,44930,4184
106559,8731,0,197205,9809,910410,94327,56791,10973,49,3150,783496,350270,100,1883,3105,33989,398654,50682,31621,78343,85359,7717,925,132013,20117,70784,17922,14623,180189,10450,25483,95602,1216,183168,23513,392304,35887,7275,61,40456,15032,37843,45620,36011,28910,81483,13520,26478,129482,29579,308,26,156067,104207,4987,46867,4486
108313,9174,0,198808,10198,914484,97188,56791,11055,49,3272,785786,352811,100,1883,3114,34423,406507,53213,33594,79099,87266,7717,998,132953,21531,68614,18599,15441,182955,11073,26128,96579,1338,184409,23981,394315,38646,7859,61,41512,15133,38362,45891,35842,28910,81683,14373,25432,131790,29951,321,35,157528,105135,5174,48242,4670
110007,9518,0,200096,11032,918207,99636,56791,11125,49,3374,790623,354001,100,1883,3159,34591,413452,55298,35719,79514,88685,8781,1010,133794,22640,68614,18480,15767,185287,11721,26765,97291,1352,186044,24636,396369,40698,8370,65,43438,15684,38868,47513,35926,28910,82621,13138,24898,136308,30597,322,35,158693,105949,5412,47585,4960
110914,9863,0,200568,10149,922722,101794,59431,11226,49,3348,795229,354922,100,1883,3188,34995,419656,56815,36817,81553,89662,9048,1062,134639,23472,75517,18957,11678,188180,12370,27191,97826,1407,187298,25445,397998,27320,8440,65,44912,15948,39416,47315,37981,30099,83037,13325,26748,136084,30823,335,35,159636,106976,5557,48400,5107
111937,10251,0,202022,9850,927656,104292,60408,11217,49,3360,799810,356560,100,1511,3231,35852,426104,57966,37046,82551,90833,10184,1145,135381,24496,78909,20316,12286,190366,12770,28292,98756,1450,189060,26437,400156,29602,8396,65,46635,15917,39889,50079,38338,30506,83221,13367,25167,139384,31544,346,36,160707,107611,5508,50723,5216
110300,10652,0,202535,10024,933112,107125,60928,11224,49,3353,804201,358380,100,1592,3324,36806,433587,60157,38660,84540,91828,6959,1235,136359,26183,83285,21882,13039,193154,13405,29697,99773,1454,191307,27250,402150,31977,8571,65,48366,15927,40474,50756,37602,31052,83352,13908,25737,143454,32513,339,36,161787,109064,5662,52515,5438
111661,10965,0,204364,10507,938994,110385,62604,11352,49,3379,810419,360242,100,1567,3395,37698,443425,62991,42640,86388,93439,7620,1359,137527,23430,89337,24432,14643,196925,13261,31566,101025,1546,193120,27754,404930,34795,9224,67,51063,16765,41259,51351,37379,31647,83314,13610,24770,147972,33823,357,33,162225,110119,5890,54361,5595
113194,11493,0,206003,11428,945280,113727,63654,11553,49,3402,815611,361950,100,1586,3514,38656,455143,66028,44795,89730,95035,8469,1464,139049,25522,93536,28472,15596,201263,13921,34334,102552,1630,195146,28847,407989,37669,9814,67,53926,17095,42022,54659,37742,32265,83822,14426,23211,151168,35290,364,27,163722,111802,6133,55719,6288
114929,12065,0,208287,12166,951401,117100,63654,11654,49,3426,819977,363632,100,1586,3641,39660,467490,69853,48053,90809,96587,8469,1543,140430,27801,92147,29475,16613,205779,14678,34433,104371,1772,198141,29756,411434,40322,10325,67,57343,17095,42988,54784,38195,32265,84973,15050,25463,154585,36921,375,27,165728,113572,6320,57950,6341
116132,12581,0,209868,12494,954740,120028,63654,11866,49,3504,826776,364884,100,1587,3768,39945,477449,73766,52186,91679,97760,9715,1606,141493,29604,92147,31841,17407,209704,15430,35473,105646,1903,200150,30675,414696,42414,10563,69,60195,19790,43848,57301,37979,32265,85230,15750,27438,151531,38199,410,37,166974,114892,6868,58154,6881
117302,13055,0,210075,12502,963276,123462,66934,12031,49,3513,830642,399110,100,1729,3831,40827,487997,75247,56880,101268,98049,10094,1699,142853,30918,101319,32293,12332,212979,15771,36152,106580,2057,201891,31954,417493,28526,10865,69,63196,20129,44551,59680,4345,33818,85441,16266,31645,158648,39278,425,37,168146,116110,7389,73733,7197
118976,13579,0,213259,12888,971366,127262,68446,12114,49,3539,834926,403388,100,1896,4140,41682,500538,77619,58948,101623,99891,16434,1804,144171,33051,108177,33582,13228,217413,16816,37689,107885,2197,205562,32946,421352,31063,11729,69,66856,20632,45302,63134,4599,34572,85911,16595,29934,164911,40738,467,33,169470,117529,7271,76948,8017
120965,14075,0,214945,13706,977467,131113,70225,12238,49,3686,840712,405561,100,1896,4257,43058,513042,80168,62300,106857,102575,16434,2719,145861,35673,114755,34596,14467,221335,17004,39450,108974,2427,208433,34140,425984,34144,11656,69,69783,21720,46158,66088,4187,35513,86298,17461,30182,171067,41773,529,33,170902,117529,7771,79588,8013
119386,14555,0,215959,14505,985981,136151,71373,12327,49,3747,846247,408473,100,1894,4354,43815,525696,84135,66074,107170,104429,16327,1944,147316,32525,122017,39479,15721,226361,17755,41649,110409,2533,211682,35619,430589,37029,10421,69,73953,22784,47263,68286,4864,36462,87038,18722,30410,172646,44055,634,33,172267,120849,8227,83014,8767
122348,15147,0,218645,15787,995361,142386,74108,12711,49,3849,853107,410965,100,1890,4472,44942,541066,87154,70387,113367,107325,19753,2049,149153,35408,131073,42688,17021,230744,18378,43130,112243,2992,214809,36517,435780,38794,10486,69,79154,24091,48314,72708,4921,37189,87926,18627,31147,172683,44196,707,46,173382,122979,8531,85871,9132
124559,15893,0,221717,17624,1004814,147357,74108,12932,49,3996,857607,413949,100,1890,4579,46076,551897,93999,74029,113379,110150,19753,2031,151435,38427,128554,45864,18370,240375,17900,44127,114497,2980,218935,37514,440956,42643,11311,69,83814,25356,49389,76900,5777,37189,89162,18747,32875,171106,47917,784,41,174808,125212,9141,85695,9490
126536,16552,0,223734,16545,1013833,151343,74108,13200,49,4135,867683,416032,100,1890,4579,46660,562454,99801,76437,113420,111596,22274,2098,153254,40524,128554,47747,19336,241154,19166,44871,115673,3317,223219,38198,444380,45710,11124,71,89437,27807,50249,81336,6072,37189,90007,19360,36953,167967,48773,807,41,175908,127521,10000,87098,9897
127945,17136,0,224873,16498,1023402,155478,78725,13457,49,4133,872305,417269,100,1882,4673,47366,574044,101573,79387,120474,112865,22811,2122,154967,42677,141661,48431,14670,245313,20009,47276,117561,3355,225270,39129,447728,33261,10900,72,94424,29157,51011,82589,6613,39481,90436,18139,43101,171365,49575,899,41,178469,128984,10377,87957,10147
129509,17776,0,227481,16589,1033938,159608,80415,13652,49,4313,879679,421563,100,1494,4725,48797,586532,103801,81156,121066,115551,25422,2172,157062,45182,149467,47270,15539,250685,19750,48894,119202,3567,229101,40884,452600,36511,10016,72,97726,28807,51922,87018,6532,40055,90590,18624,40237,175505,51624,938,45,180461,131550,10707,90588,10891
132101,18323,0,230216,16591,1045587,163848,82444,13712,49,4323,887517,424667,100,1491,4793,49675,595303,106715,84111,126416,117983,17770,2120,159051,48039,155623,45108,17112,255290,19621,51187,120812,3784,232817,42326,457863,39832,9971,72,100288,29823,53011,91940,6264,41394,91269,19240,41222,182121,53106,966,52,182379,132832,11161,93375,11368
131789,18815,0,233890,17013,1058632,169679,84776,13976,49,4422,896523,428054,100,1409,4900,50804,609735,110947,86667,126853,121211,19807,2160,161920,42433,163462,48403,18489,259623,20780,53389,125923,4024,236640,45155,462660,44090,10125,72,104106,30484,54195,94000,6122,42386,91962,17884,40175,188253,55233,1092,58,184033,134808,11643,95150,11089
134220,19278,0,237886,17376,1071110,175203,86841,14536,49,4440,905529,431449,100,1919,5017,52088,622600,114781,89420,132411,124716,24516,2195,164214,44798,173545,51062,20104,264356,22169,54879,127732,4114,239953,47643,467832,47735,9909,72,109187,30724,55493,99368,6106,43393,93074,18407,39422,194801,57455,1192,66,186473,136924,12177,95819,10637
136549,19957,0,240987,17762,1086763,181061,86841,14840,49,4470,913897,437625,100,1919,5172,52755,634335,120196,91276,132597,127969,24516,2236,167058,47985,167879,48182,22061,269247,15241,55519,129722,4208,244287,49516,473496,51124,10060,72,113234,31413,56979,103573,7185,43393,93916,16867,39857,198762,59134,1237,66,188688,138641,12775,96896,10704
138347,20505,0,244821,17663,1095798,184780,86841,15170,49,4599,920423,439934,100,1919,5292,53300,644248,125060,93154,132615,130157,27972,2392,169199,50656,167879,47140,22821,273534,16026,97084,131871,4238,247943,51656,478588,55609,10238,73,118147,32384,58480,109902,7300,43393,94329,16897,41979,218803,60479,1287,74,190725,138641,13340,96514,11186
139919,21005,0,247053,16744,1109466,188278,92069,15386,49,4683,926660,441841,100,1503,5405,54199,652509,126370,95733,140255,131829,28916,2381,170838,52410,179757,45868,18566,277065,16317,56930,134204,4344,251266,53565,484474,40600,9848,73,126606,33844,59637,112240,7954,45828,94795,17350,43657,221075,61519,1351,77,193843,144882,13678,96177,11777
142691,21582,0,251119,17076,1126347,192149,92599,15645,49,4651,935143,445511,100,1397,5465,55459,661828,127872,95801,140484,134078,32120,2378,172466,54966,186385,45710,19178,280843,16188,56301,137051,4705,255263,55251,488938,43665,8901,73,129122,33260,60616,114315,7615,46630,95193,16657,38310,232957,62540,1359,71,196105,148329,13940,98266,11861
73840,22262,0,254516,17034,1141972,196096,94426,15697,49,4558,943422,448612,100,1639,5571,57211,673028,129051,96915,145490,136955,26800,2245,175094,58308,190996,45149,20254,285200,15901,57730,140169,4363,258894,56481,494877,47813,8609,73,134323,33317,61766,120142,7638,47472,95575,15312,34940,240246,62178,1389,66,198667,151202,14283,98126,10433
76439,22818,0,257404,17609,1152777,201944,94426,16106,49,4658,943422,452181,100,1639,5686,56409,684895,130607,96454,145845,136955,26800,2284,177372,58308,190996,45149,21982,289661,15947,62293,142688,4363,262964,57550,501417,47813,8339,73,134323,33317,61766,127217,7271,47472,95575,15312,34972,237708,62178,1389,66,201122,151202,14750,98112,10433
77356,23492,0,261158,16929,1166487,206019,97820,16533,49,4784,960657,455146,100,1135,5808,58392,692378,131684,95348,150530,142018,31723,2275,179724,53144,208177,46484,22981,292829,15849,62428,144222,4580,266608,59246,509175,55749,8219,73,138687,32894,64077,129439,7834,48989,96541,16382,33667,238887,62505,1499,66,202542,155464,15326,94551,9858
79475,24158,0,264817,18265,1181508,210147,97820,16825,49,4757,966855,458140,100,1135,5884,58847,700098,133705,94796,150619,144299,31723,2275,181247,56320,203416,42958,24524,295251,16076,62729,147110,4860,269421,60973,514986,59184,7345,73,138972,32213,65740,131195,7909,48989,97587,17106,35549,241203,61572,1492,62,205606,157931,15731,94765,8915
81706,24779,0,267450,16905,1196304,213424,97820,17202,49,5097,974160,460074,100,1135,5936,59444,707232,136337,95193,150619,147031,33350,2365,183215,58769,203416,44109,26342,298559,17030,62791,148391,4991,273632,61827,521313,62983,6831,74,141692,31854,67344,136131,7615,48989,98072,16930,35971,248810,60860,1539,55,207822,159997,16370,94129,9252
84000,25290,0,267740,16161,1211091,217330,102475,17419,49,5126,980722,462111,100,923,6021,60308,713319,136176,95934,154952,148852,33506,2465,185121,59911,214109,42503,20717,302345,16031,63827,150027,5505,276540,62958,527819,43272,6471,75,143308,32275,68649,139622,8316,51613,98649,17184,41181,254217,60539,1580,55,209574,162245,16787,93150,8612
87316,25274,0,277426,16115,1226738,221422,103914,17853,49,5086,989487,466890,100,931,6064,61416,725715,135295,93182,155270,152735,38797,2403,187849,62954,220425,39098,21829,305143,16157,64629,152678,5058,280814,64372,534795,46132,5680,75,142829,30318,69848,141742,8211,52749,99356,14088,39417,252303,60617,1603,34,211577,164411,16921,93328,7563
84730,25976,0,280546,16399,1245772,224983,106535,18012,49,5082,999384,472572,100,803,6140,62389,735206,136821,91395,159664,156336,31943,2426,189992,67935,227775,37507,24271,307969,16094,66427,154795,4730,284681,64923,543319,50249,5230,75,141489,29624,71337,145017,7617,53775,100099,14857,37482,253460,62319,1732,69,213747,167492,17125,91640,7684
88196,27268,0,285258,17131,1266997,230656,111266,18611,49,5204,1010156,478330,100,800,6280,63603,745938,139724,88952,159965,159831,34663,2601,191960,60224,235539,39764,26411,312094,16040,67811,157282,4410,289013,66010,553117,55842,5455,75,141764,28043,72450,153330,7385,55430,101259,15474,36059,260655,62309,1841,67,215574,169537,17428,91336,6667
91981,28018,0,290236,18055,1290573,235384,112769,19245,49,5413,1020213,484629,100,790,6391,65060,756306,142113,86535,165745,162082,37738,2743,195650,65679,244882,41918,28854,316256,16492,67803,160162,4805,294268,67448,563896,61088,5301,75,143131,29451,74564,162281,6948,56785,103349,15925,36179,263944,61925,1868,88,218222,171365,17716,90712,6943
95325,28963,0,296335,18631,1318071,240230,112769,19709,49,5581,1030554,489578,100,790,6519,66002,765959,146790,83677,165962,165841,37738,2907,198784,71255,218505,40221,30763,321312,16425,69019,163327,4639,299118,68730,573752,67057,5015,75,145033,30561,76346,165784,6941,56785,105734,16202,35270,266291,61500,1916,97,221861,172868,18289,90503,6067
97601,29728,0,300944,18774,1346745,243284,112769,20268,49,5774,1038897,491599,100,790,6622,66543,773457,151316,82911,165963,168398,41648,3041,201396,76031,218505,38601,32224,325136,16852,68789,165825,4771,304674,69298,582920,73468,4963,78,146560,31648,77593,173185,8073,56785,107689,16432,35499,268885,61441,1985,97,225618,174522,19077,88120,6296
99950,30228,0,301853,18081,1370813,247135,120820,21067,49,5885,1046503,496839,100,658,6703,67458,782050,150837,82425,171340,170270,42638,3402,203667,78481,228228,37950,25606,327938,17197,68703,168268,5386,307953,70060,590146,52761,4752,80,150197,31742,78873,173551,8536,60266,109421,16814,40903,269727,61706,2003,109,229261,181463,19691,86906,5590
104336,30805,0,313552,18485,1395191,250851,123216,21810,49,6004,1054392,502394,100,658,6756,68905,789790,150008,77174,171781,173207,45019,3563,206244,82562,234701,40160,27282,331126,17448,68741,170925,5818,313102,70060,598762,57386,4752,82,161907,29744,80132,181921,8181,61430,111010,16783,38477,272855,60880,2019,134,233269,184360,19677,87203,4816
101397,31392,0,317154,20778,1428576,254136,125463,22739,49,6069,1063900,507858,100,594,6832,70786,797818,150234,74116,176847,176477,34300,3870,208858,88437,239962,39318,30004,333866,17294,69038,173950,6509,317020,71069,608792,63825,4548,82,161657,29523,81307,180915,7782,62588,112416,16148,40940,273896,60473,2051,141,236985,186847,20059,84534,4974
106083,32025,0,321220,19748,1461948,258424,127852,23379,49,6099,1075106,515427,100,555,6953,72081,808687,151199,72026,177111,180698,36675,4221,211965,76351,246070,38657,32245,337874,17117,69848,176093,6303,321634,71708,618376,69328,4590,82,163244,29244,82845,185766,7041,63461,113556,16234,41289,275780,59888,2098,166,240692,189563,20160,82859,4033
109884,32652,0,327335,20731,1495428,262800,131598,24160,49,6155,1086682,521562,100,551,7088,73156,817884,153247,67203,182355,183864,39494,4512,214497,81958,251631,39108,34531,338861,9972,68626,178831,6824,324805,72261,628328,76830,4406,82,163851,31703,84412,191447,7858,65021,115967,15622,47457,207432,57482,2126,224,243878,192675,19971,81474,3384
113934,33156,0,334621,21514,1528218,266555,131598,25210,49,6312,1097188,527965,100,551,7282,73653,826457,157829,64343,182497,186960,39494,4886,217971,87197,217595,35722,37140,345786,9951,67417,181429,6598,330580,73354,638778,82939,4078,82,165406,33140,85819,193911,8063,65021,119527,12917,50158,208406,57823,2111,179,247772,196856,20323,80034,3421
116724,33802,0,339686,21420,1564338,268885,131598,25793,49,6414,1106065,532762,100,551,7356,73757,833565,161603,64116,182497,189389,43865,5175,220586,92008,217595,32790,38621,348569,9707,66659,184294,6560,334245,73713,648237,89731,3784,82,168486,35092,86828,203561,8388,65021,120620,12747,57952,208333,56638,2147,179,250995,199184,21387,77962,3758
118988,34232,0,350772,20716,1590349,271614,138748,26790,49,6408,1114380,536454,100,526,7543,74043,840664,159687,63821,186963,190615,44868,5542,222868,95622,225122,30243,28425,351494,9707,65358,186865,6752,338722,72816,657411,70237,3592,82,170486,35163,87979,202759,8792,67979,121977,12623,64936,282849,56415,2158,179,254117,200879,21076,76930,2967
122604,34514,0,354121,20715,1623322,273601,140196,27465,49,6482,1123712,543835,100,519,7595,75308,847890,157836,58760,187241,193344,47451,5881,225198,99496,230307,27802,30582,354185,8916,65360,189137,6477,342297,72446,666590,75447,3228,82,166893,33009,89009,206548,8143,69082,123337,11519,62663,284485,55710,2143,164,256910,202116,21091,76837,2375
117817,35127,0,357992,20799,1686742,276864,142475,28245,49,6490,1135131,550391,100,536,7695,76151,854823,158503,56632,191364,196028,35887,6394,227531,105378,234858,25394,32883,356988,9071,65528,191447,6680,347377,72699,675893,80622,2956,82,160961,32194,90490,205404,6910,69973,124414,10987,66774,293115,56875,2128,164,260672,202027,21260,74596,2524
